participant_ID,mean.acc,mean.self,study,AGE,SHIPLEY,HLVA,FACTOR3,QRITOTAL,GENDER,EDUCATION,ETHNICITY,education
studyone.1,0.48999999999999994,7.96,studyone,34,33,7,53,11,Non-binary,Higher,White,Higher
studyone.10,0.85,7.279999999999999,studyone,25,33,7,60,11,Female,Higher,White,Higher
studyone.100,0.8200000000000001,7.36,studyone,43,40,8,46,12,Male,Further,White,School
studyone.101,0.94,7.88,studyone,46,33,11,51,15,Male,Higher,White,Higher
studyone.102,0.58,6.96,studyone,18,32,3,51,12,Male,Secondary,Mixed,School
studyone.103,0.8400000000000001,7.88,studyone,19,37,13,45,19,Female,Further,Asian,School
studyone.104,0.64,8.96,studyone,21,23,9,63,10,Female,Further,White,School
studyone.105,0.86,7.12,studyone,34,36,6,56,14,Male,Higher,Asian,Higher
studyone.106,0.8200000000000001,7.52,studyone,60,37,7,53,14,Male,Higher,White,Higher
studyone.107,0.92,8.76,studyone,29,34,8,34,18,Female,Further,White,School
studyone.108,0.8200000000000001,8.68,studyone,21,31,10,55,13,Male,Higher,Black,Higher
studyone.109,0.93,8.04,studyone,62,38,13,60,16,Female,Higher,White,Higher
studyone.11,0.8899999999999999,7.76,studyone,69,40,10,50,15,Female,Higher,White,Higher
studyone.110,0.88,7.48,studyone,19,40,11,59,17,Female,Further,Asian,School
studyone.111,0.78,7.92,studyone,21,38,8,61,14,Female,Further,Asian,School
studyone.112,0.76,6.2,studyone,43,34,6,43,13,Female,Secondary,White,School
studyone.113,0.5700000000000001,3.480000000000001,studyone,21,37,10,40,13,Male,Higher,White,Higher
studyone.114,0.6599999999999999,4.2,studyone,24,25,10,43,10,Female,Higher,Mixed,Higher
studyone.115,0.94,7.52,studyone,66,37,10,55,17,Female,Higher,White,Higher
studyone.116,0.89,8.24,studyone,33,40,12,58,15,Male,Further,White,School
studyone.117,0.8200000000000001,5.28,studyone,57,39,10,42,8,Male,Higher,White,Higher
studyone.118,0.8200000000000001,7.96,studyone,24,34,7,46,15,Male,Higher,Black,Higher
studyone.119,0.8,6.64,studyone,30,27,6,47,12,Female,Higher,White,Higher
studyone.12,0.95,7.76,studyone,23,37,9,51,16,Female,Higher,White,Higher
studyone.120,0.5100000000000001,3.68,studyone,25,38,12,58,7,Female,Higher,White,Higher
studyone.121,0.43,3.44,studyone,30,39,6,36,13,Female,Higher,White,Higher
studyone.122,0.5900000000000001,5.04,studyone,35,26,6,37,10,Female,Secondary,Asian,School
studyone.123,0.79,5.48,studyone,37,31,5,41,13,Male,Further,White,School
studyone.124,0.95,7.04,studyone,24,40,10,40,14,Male,Higher,White,Higher
studyone.125,0.72,5.92,studyone,27,36,7,46,14,Female,Higher,White,Higher
studyone.126,0.89,9,studyone,47,39,11,63,12,Female,Higher,White,Higher
studyone.127,0.58,5,studyone,37,35,8,36,8,Male,Secondary,White,School
studyone.128,0.86,6.36,studyone,28,38,9,47,17,Female,Higher,White,Higher
studyone.129,0.84,8,studyone,37,36,9,44,11,Female,Higher,White,Higher
studyone.13,0.83,7,studyone,26,33,6,51,10,Male,Secondary,Mixed,School
studyone.130,0.8,7.36,studyone,34,39,12,55,12,Female,Higher,White,Higher
studyone.131,0.85,6.48,studyone,27,32,8,55,14,Female,Further,White,School
studyone.132,0.76,8.48,studyone,52,34,9,52,8,Female,Higher,White,Higher
studyone.133,0.75,5.04,studyone,30,38,10,38,10,Male,Higher,White,Higher
studyone.134,0.9,7.64,studyone,20,34,8,56,15,Non-binary,Further,White,School
studyone.135,0.96,8.84,studyone,23,40,12,53,15,Male,Higher,White,Higher
studyone.136,0.85,7.56,studyone,21,31,10,54,10,Female,Higher,White,Higher
studyone.137,0.89,5.96,studyone,45,39,10,47,13,Female,Higher,Asian,Higher
studyone.138,0.75,5.6,studyone,31,37,8,41,10,Male,Higher,White,Higher
studyone.139,0.8,6.32,studyone,60,36,10,55,12,Female,Higher,White,Higher
studyone.14,0.94,8.56,studyone,30,34,11,55,17,Female,Higher,White,Higher
studyone.140,0.76,4.520000000000001,studyone,19,40,9,47,16,Male,Secondary,White,School
studyone.141,0.92,7.8,studyone,52,38,10,50,15,Female,Higher,White,Higher
studyone.142,0.94,8.52,studyone,55,37,11,47,13,Male,Further,White,School
studyone.143,0.89,6.32,studyone,74,36,8,41,16,Male,Higher,White,Higher
studyone.144,0.92,6.96,studyone,40,34,10,41,16,Female,Higher,White,Higher
studyone.145,0.83,5.5600000000000005,studyone,32,30,7,45,12,Male,Higher,Asian,Higher
studyone.146,0.8,7.2,studyone,42,33,8,54,10,Male,Further,White,School
studyone.147,0.89,6.92,studyone,26,34,8,46,13,Female,Further,White,School
studyone.148,0.8400000000000001,7.12,studyone,22,37,8,49,16,Male,Higher,White,Higher
studyone.149,0.8600000000000001,5.8,studyone,34,32,10,47,15,Female,Higher,White,Higher
studyone.15,0.89,7.48,studyone,45,40,12,50,15,Female,Secondary,White,School
studyone.150,0.83,8.2,studyone,43,32,8,58,17,Female,Further,White,School
studyone.151,0.74,5.239999999999999,studyone,20,32,9,37,13,Female,Further,White,School
studyone.152,0.64,7.96,studyone,50,38,5,59,10,Female,Further,White,School
studyone.153,0.86,7.96,studyone,56,35,10,57,14,Male,Further,Mixed,School
studyone.154,0.8,5.4,studyone,39,36,9,51,16,Male,Higher,White,Higher
studyone.155,0.7600000000000001,6.16,studyone,28,28,3,51,13,Female,Secondary,White,School
studyone.156,0.88,7.6,studyone,34,38,10,47,14,Female,Higher,Asian,Higher
studyone.157,0.78,8.92,studyone,38,39,8,63,17,Female,Further,White,School
studyone.158,0.93,7.28,studyone,31,36,9,57,11,Female,Higher,White,Higher
studyone.159,0.77,7.119999999999999,studyone,59,31,9,51,10,Female,Secondary,White,School
studyone.16,0.9,6.72,studyone,28,35,6,45,15,Male,Higher,White,Higher
studyone.160,0.99,8.12,studyone,44,38,11,56,14,Female,Higher,White,Higher
studyone.161,0.92,6.279999999999999,studyone,46,40,10,48,17,Male,Higher,White,Higher
studyone.162,0.8600000000000001,5.24,studyone,41,40,10,41,17,Male,Higher,White,Higher
studyone.163,0.75,7.96,studyone,36,37,6,54,12,Female,Higher,White,Higher
studyone.164,0.87,8.44,studyone,62,40,10,51,16,Female,Higher,Black,Higher
studyone.165,0.93,8.52,studyone,59,39,9,58,16,Male,Further,White,School
studyone.166,0.8,6.52,studyone,76,35,8,57,11,Male,Secondary,White,School
studyone.167,0.77,5.92,studyone,50,38,12,46,18,Male,Secondary,White,School
studyone.168,0.8699999999999999,7.52,studyone,25,24,6,48,12,Female,Higher,White,Higher
studyone.169,0.6999999999999998,6.68,studyone,47,26,7,56,9,Male,Secondary,White,School
studyone.17,0.94,8.52,studyone,34,40,11,55,14,Male,Higher,White,Higher
studyone.18,0.76,5.88,studyone,30,32,8,42,15,Female,Higher,White,Higher
studyone.19,0.84,8.8,studyone,41,37,9,52,12,Female,Higher,Asian,Higher
studyone.2,0.92,8.76,studyone,20,36,11,44,11,Female,Higher,Other,Higher
studyone.20,0.95,6.32,studyone,29,40,6,52,15,Female,Higher,White,Higher
studyone.21,0.91,6.760000000000001,studyone,26,31,6,45,16,Female,Higher,White,Higher
studyone.22,0.8600000000000001,8.8,studyone,20,36,7,53,16,Female,Further,White,School
studyone.23,0.7600000000000001,6.12,studyone,24,35,6,48,11,Female,Secondary,White,School
studyone.24,0.86,8.32,studyone,32,35,11,61,14,Female,Higher,White,Higher
studyone.25,0.98,8.04,studyone,32,33,10,58,15,Female,Further,White,School
studyone.26,0.86,6.4,studyone,40,33,9,45,15,Male,Secondary,White,School
studyone.27,0.8,9,studyone,34,29,6,46,10,Female,Further,White,School
studyone.28,0.94,7.04,studyone,23,34,10,56,18,Female,Further,Mixed,School
studyone.29,0.88,7,studyone,22,38,9,51,18,Male,Further,White,School
studyone.3,0.76,6.32,studyone,40,33,12,60,13,Female,Higher,White,Higher
studyone.30,0.92,6.88,studyone,42,36,14,46,15,Female,Higher,White,Higher
studyone.31,0.84,8.36,studyone,46,40,8,59,16,Female,Further,White,School
studyone.32,0.8899999999999999,7.68,studyone,34,35,7,50,15,Female,Higher,White,Higher
studyone.33,0.85,7.84,studyone,51,36,9,45,13,Female,Higher,White,Higher
studyone.34,0.88,5.48,studyone,32,38,12,55,11,Female,Higher,White,Higher
studyone.35,0.92,7.72,studyone,24,36,14,56,15,Female,Higher,White,Higher
studyone.36,0.7399999999999999,5.64,studyone,18,37,9,54,15,Male,Secondary,White,School
studyone.37,0.96,7.880000000000001,studyone,24,35,7,49,15,Female,Higher,Asian,Higher
studyone.38,0.86,4.4,studyone,32,38,10,50,16,Female,Higher,White,Higher
studyone.39,0.9,6.88,studyone,22,33,10,44,12,Female,Further,White,School
studyone.4,0.87,7.08,studyone,37,39,10,49,13,Female,Higher,White,Higher
studyone.40,0.85,8.16,studyone,31,38,7,56,18,Male,Secondary,White,School
studyone.41,0.69,4.52,studyone,27,35,7,45,16,Female,Higher,White,Higher
studyone.42,0.92,8.6,studyone,40,35,13,53,17,Female,Higher,White,Higher
studyone.43,0.92,6.6,studyone,40,37,9,57,12,Female,Higher,White,Higher
studyone.44,0.74,6.5600000000000005,studyone,20,31,9,41,14,Male,Further,White,School
studyone.45,0.97,7.96,studyone,29,37,11,54,14,Female,Secondary,White,School
studyone.46,0.9,6.28,studyone,23,32,8,54,15,Male,Further,White,School
studyone.47,0.6399999999999999,7.64,studyone,19,28,5,63,14,Female,Further,Mixed,School
studyone.48,0.65,4.52,studyone,29,28,5,49,13,Female,Further,White,School
studyone.49,0.81,5.52,studyone,31,36,10,54,14,Female,Secondary,White,School
studyone.5,0.8800000000000001,6.4,studyone,26,34,10,43,11,Female,Further,White,School
studyone.50,0.67,5.799999999999999,studyone,22,32,6,49,13,Male,Further,White,School
studyone.51,0.9,7.48,studyone,40,37,13,46,10,Male,Higher,White,Higher
studyone.52,0.71,8.64,studyone,23,38,7,60,17,Female,Higher,Asian,Higher
studyone.53,0.95,8.48,studyone,26,33,11,56,18,Female,Higher,White,Higher
studyone.54,0.92,7.6,studyone,30,35,10,58,14,Female,Higher,White,Higher
studyone.55,0.9,7.880000000000001,studyone,24,36,12,62,15,Female,Higher,Asian,Higher
studyone.56,0.67,5.720000000000001,studyone,36,38,7,53,14,Female,Higher,White,Higher
studyone.57,0.8800000000000001,3.48,studyone,18,29,7,44,14,Female,Further,Asian,School
studyone.58,0.86,7.76,studyone,44,32,7,55,13,Female,Higher,White,Higher
studyone.59,0.84,7.2,studyone,18,34,6,49,13,Male,Secondary,White,School
studyone.6,0.8600000000000001,7.52,studyone,41,37,11,51,11,Female,Higher,White,Higher
studyone.60,0.81,6.5600000000000005,studyone,30,32,5,55,13,Female,Higher,White,Higher
studyone.61,0.65,7.72,studyone,31,29,11,40,13,Male,Further,White,School
studyone.62,0.8200000000000001,5.4399999999999995,studyone,46,35,9,50,11,Female,Further,White,School
studyone.63,0.91,6.08,studyone,40,33,14,52,13,Female,Higher,White,Higher
studyone.64,0.85,4.6,studyone,39,38,13,48,6,Female,Higher,White,Higher
studyone.65,0.9,9,studyone,28,40,10,58,18,Female,Higher,White,Higher
studyone.66,0.6,5.279999999999999,studyone,27,40,7,45,16,Male,Higher,White,Higher
studyone.67,0.92,8.88,studyone,29,33,10,54,11,Female,Further,White,School
studyone.68,0.8099999999999999,6.16,studyone,22,25,6,46,12,Female,Further,White,School
studyone.69,0.6300000000000001,7.44,studyone,39,33,10,46,13,Female,Further,Asian,School
studyone.7,0.58,4.76,studyone,22,29,8,51,12,Female,Higher,White,Higher
studyone.70,0.41,5.28,studyone,22,31,9,36,8,Male,Further,White,School
studyone.71,0.85,5.6,studyone,26,37,10,52,14,Male,Further,White,School
studyone.72,0.98,8.28,studyone,46,39,12,58,15,Female,Higher,White,Higher
studyone.73,0.93,8.32,studyone,47,39,11,56,15,Female,Higher,White,Higher
studyone.74,0.91,7.88,studyone,18,38,10,49,14,Male,Secondary,Mixed,School
studyone.75,0.8899999999999999,7.16,studyone,28,36,11,51,14,Male,Higher,White,Higher
studyone.76,0.96,7.2,studyone,36,40,11,51,16,Male,Higher,White,Higher
studyone.77,0.66,7.68,studyone,18,27,7,52,11,Male,Secondary,White,School
studyone.78,0.96,8.36,studyone,32,37,8,55,15,Female,Higher,White,Higher
studyone.79,0.6599999999999999,4.52,studyone,28,33,6,44,11,Female,Higher,White,Higher
studyone.8,0.75,6.16,studyone,44,35,7,44,12,Female,Higher,White,Higher
studyone.80,0.8699999999999999,5.88,studyone,30,31,9,51,15,Male,Higher,White,Higher
studyone.81,0.88,8.16,studyone,34,34,9,58,11,Male,Higher,White,Higher
studyone.82,0.8,7.88,studyone,51,33,5,48,12,Female,Secondary,White,School
studyone.83,0.81,6.12,studyone,43,37,12,47,15,Female,Higher,White,Higher
studyone.84,0.36,4.4,studyone,22,32,4,46,10,Female,Further,White,School
studyone.85,0.77,7.24,studyone,49,39,9,52,12,Male,Higher,White,Higher
studyone.86,0.8200000000000001,7.2,studyone,39,35,7,49,15,Male,Further,White,School
studyone.87,0.8200000000000001,6.52,studyone,55,36,10,45,13,Male,Further,White,School
studyone.88,0.8,6.84,studyone,67,40,9,56,10,Female,Higher,White,Higher
studyone.89,0.62,5.4,studyone,65,34,10,43,10,Male,Secondary,White,School
studyone.9,0.76,6.32,studyone,30,32,8,41,10,Female,Higher,White,Higher
studyone.90,0.8200000000000001,4.6,studyone,52,40,9,58,13,Male,Secondary,White,School
studyone.91,0.8600000000000001,5.8,studyone,24,33,8,40,13,Female,Higher,White,Higher
studyone.92,0.83,8.8,studyone,41,32,10,57,14,Male,Further,White,School
studyone.93,0.67,5.48,studyone,25,32,6,57,6,Male,Further,White,School
studyone.94,0.77,6.959999999999999,studyone,18,32,10,44,12,Male,Further,Asian,School
studyone.95,0.96,6.880000000000001,studyone,20,37,14,51,16,Female,Further,White,School
studyone.96,0.67,7.92,studyone,73,33,9,54,11,Male,Secondary,White,School
studyone.97,0.7600000000000001,6.52,studyone,32,29,7,51,12,Female,Higher,White,Higher
studyone.98,0.98,6.6,studyone,39,39,10,50,12,Female,Higher,White,Higher
studyone.99,0.71,6.4399999999999995,studyone,19,35,9,48,9,Male,Further,White,School
studytwo.1,0.41071428571428575,6.071428571428571,studytwo,26,27,6,50,9,Female,Higher,Asian,Higher
studytwo.10,0.6071428571428571,8.5,studytwo,38,24,9,58,15,Female,Secondary,White,School
studytwo.100,0.875,8.928571428571429,studytwo,66,40,13,60,20,Female,Higher,White,Higher
studytwo.101,0.9642857142857144,8.5,studytwo,21,31,11,59,14,Female,Higher,White,Higher
studytwo.102,0.7142857142857142,7.071428571428571,studytwo,74,35,7,52,18,Male,Higher,White,Higher
studytwo.103,0.7678571428571429,5.071428571428571,studytwo,18,40,11,54,15,Female,Further,White,School
studytwo.104,0.7857142857142858,7.2142857142857135,studytwo,53,36,7,52,18,Female,Higher,White,Higher
studytwo.105,0.625,7,studytwo,35,37,8,56,15,Male,Higher,White,Higher
studytwo.106,0.6607142857142857,7.071428571428571,studytwo,29,35,8,47,14,Female,Higher,White,Higher
studytwo.107,0.8214285714285715,6.5,studytwo,20,37,14,45,14,Male,Higher,White,Higher
studytwo.108,0.7142857142857142,6.5,studytwo,24,32,7,47,14,Female,Higher,White,Higher
studytwo.109,0.8035714285714286,7.071428571428571,studytwo,25,34,13,60,17,Non-binary,Higher,White,Higher
studytwo.11,0.5357142857142857,4.071428571428571,studytwo,44,30,5,33,7,Male,Secondary,White,School
studytwo.110,0.8571428571428571,7.714285714285714,studytwo,43,29,10,50,12,Male,Further,White,School
studytwo.111,0.75,6.857142857142857,studytwo,30,28,8,48,13,Male,Further,White,School
studytwo.112,0.625,6.142857142857143,studytwo,25,25,6,41,11,Female,Further,Mixed,School
studytwo.113,0.875,7.2857142857142865,studytwo,29,31,11,48,16,Female,Higher,White,Higher
studytwo.114,0.7321428571428571,6.642857142857143,studytwo,43,40,10,46,14,Female,Higher,White,Higher
studytwo.115,0.7857142857142858,7,studytwo,22,28,7,44,11,Female,Higher,White,Higher
studytwo.116,0.6071428571428572,6.5,studytwo,25,34,10,61,17,Male,Higher,White,Higher
studytwo.117,0.8392857142857142,6.785714285714286,studytwo,27,36,11,48,17,Female,Higher,White,Higher
studytwo.118,0.7857142857142858,7.785714285714286,studytwo,33,32,8,51,14,Male,Higher,White,Higher
studytwo.119,0.8571428571428571,7.785714285714286,studytwo,45,40,12,48,14,Female,Higher,White,Higher
studytwo.12,0.9285714285714286,6.428571428571429,studytwo,55,40,11,55,15,Female,Higher,White,Higher
studytwo.120,0.4642857142857143,5.857142857142857,studytwo,31,26,7,50,13,Female,Further,White,School
studytwo.121,0.8035714285714285,8.357142857142858,studytwo,25,35,8,49,16,Female,Higher,White,Higher
studytwo.122,0.9107142857142856,6.785714285714286,studytwo,47,39,12,61,13,Male,Higher,White,Higher
studytwo.123,0.6607142857142858,7.285714285714286,studytwo,37,24,10,46,14,Female,Higher,White,Higher
studytwo.124,0.625,5.142857142857143,studytwo,40,29,6,29,10,Female,Further,White,School
studytwo.125,0.6607142857142858,6.214285714285714,studytwo,41,32,6,52,13,Female,Further,White,School
studytwo.126,0.8392857142857143,6.857142857142857,studytwo,38,36,9,49,10,Female,Higher,White,Higher
studytwo.127,0.6964285714285715,5.5,studytwo,26,34,5,40,17,Female,Higher,White,Higher
studytwo.128,0.6785714285714286,7.785714285714286,studytwo,23,39,10,54,7,Male,Further,White,School
studytwo.129,0.7678571428571429,8.071428571428571,studytwo,46,40,10,59,12,Male,Higher,White,Higher
studytwo.13,0.9285714285714286,7.428571428571429,studytwo,19,35,10,50,14,Male,Further,Asian,School
studytwo.130,0.6428571428571429,7.214285714285714,studytwo,30,35,11,54,13,Female,Higher,White,Higher
studytwo.131,0.5535714285714285,8,studytwo,20,23,8,57,9,Female,Higher,Asian,Higher
studytwo.132,0.625,8.285714285714286,studytwo,47,37,5,59,16,Female,Further,White,School
studytwo.133,0.9464285714285714,7.785714285714286,studytwo,30,39,11,48,19,Female,Higher,White,Higher
studytwo.134,0.5714285714285714,7.714285714285714,studytwo,58,37,7,51,12,Male,Secondary,White,School
studytwo.135,0.875,7.2142857142857135,studytwo,42,37,11,53,16,Female,Higher,White,Higher
studytwo.136,0.8214285714285714,6.642857142857143,studytwo,19,39,10,47,17,Female,Further,White,School
studytwo.137,0.6964285714285714,7.785714285714286,studytwo,36,33,9,52,14,Male,Higher,White,Higher
studytwo.138,0.8035714285714286,7.714285714285714,studytwo,43,39,4,47,12,Female,Secondary,White,School
studytwo.139,0.8214285714285714,7.2142857142857135,studytwo,22,35,11,57,17,Female,Higher,Mixed,Higher
studytwo.14,0.9285714285714286,8.071428571428571,studytwo,27,37,11,57,17,Prefer not to say,Higher,Black,Higher
studytwo.140,0.7321428571428571,8.071428571428571,studytwo,37,35,11,58,11,Male,Secondary,White,School
studytwo.141,0.75,7.357142857142857,studytwo,47,39,9,46,16,Female,Higher,White,Higher
studytwo.142,0.8214285714285714,8.714285714285714,studytwo,24,30,9,48,15,Female,Higher,White,Higher
studytwo.143,0.6428571428571429,7.142857142857143,studytwo,31,32,8,44,11,Male,Higher,White,Higher
studytwo.144,0.8571428571428571,7.142857142857143,studytwo,22,37,7,55,6,Male,Further,White,School
studytwo.145,0.8392857142857143,7.357142857142857,studytwo,29,39,10,55,17,Male,Higher,White,Higher
studytwo.146,0.9464285714285714,6.571428571428572,studytwo,44,39,10,57,18,Male,Higher,White,Higher
studytwo.147,0.875,9,studytwo,76,40,11,57,12,Female,Higher,White,Higher
studytwo.148,0.6785714285714285,6.142857142857143,studytwo,20,26,10,55,14,Female,Further,Mixed,School
studytwo.149,0.6071428571428571,6.285714285714286,studytwo,32,34,12,48,13,Female,Higher,White,Higher
studytwo.15,0.7142857142857142,8.285714285714286,studytwo,47,29,6,54,12,Male,Higher,White,Higher
studytwo.150,0.75,6.071428571428571,studytwo,41,38,8,59,17,Female,Higher,Mixed,Higher
studytwo.151,0.6607142857142857,4.071428571428571,studytwo,21,27,7,55,15,Male,Further,White,School
studytwo.152,0.9107142857142858,8.142857142857142,studytwo,18,33,6,55,16,Female,Further,White,School
studytwo.153,0.625,8,studytwo,31,25,10,51,13,Female,Further,Mixed,School
studytwo.154,0.4464285714285715,4.071428571428572,studytwo,35,33,7,46,10,Male,Further,Asian,School
studytwo.155,0.9464285714285714,8.357142857142858,studytwo,28,33,10,52,15,Male,Higher,White,Higher
studytwo.156,0.6964285714285715,8.785714285714286,studytwo,34,32,8,56,15,Female,Higher,White,Higher
studytwo.157,0.7142857142857142,6.142857142857143,studytwo,29,40,8,54,14,Female,Higher,Asian,Higher
studytwo.158,0.6607142857142858,8.928571428571429,studytwo,48,37,8,63,10,Female,Secondary,White,School
studytwo.159,0.7321428571428571,6.7857142857142865,studytwo,36,29,4,47,15,Female,Higher,Asian,Higher
studytwo.16,0.8035714285714286,7.857142857142857,studytwo,30,38,9,62,10,Male,Further,White,School
studytwo.160,0.8214285714285714,7.642857142857143,studytwo,48,38,13,55,16,Female,Higher,White,Higher
studytwo.161,0.8928571428571429,8.071428571428571,studytwo,46,36,10,57,16,Female,Higher,White,Higher
studytwo.162,0.75,6.928571428571429,studytwo,52,38,9,49,13,Female,Secondary,White,School
studytwo.163,0.9464285714285714,7.857142857142857,studytwo,44,39,13,49,20,Female,Higher,White,Higher
studytwo.164,0.7678571428571429,8.642857142857142,studytwo,57,36,12,50,13,Male,Further,White,School
studytwo.165,0.7857142857142857,8.285714285714286,studytwo,36,37,7,57,14,Male,Higher,Asian,Higher
studytwo.166,0.8571428571428571,6.142857142857143,studytwo,29,37,9,56,18,Female,Higher,White,Higher
studytwo.167,0.8392857142857143,8.785714285714286,studytwo,38,36,10,56,17,Female,Higher,White,Higher
studytwo.168,0.8035714285714286,7.571428571428571,studytwo,37,38,6,50,12,Female,Higher,Black,Higher
studytwo.169,0.9285714285714286,7.785714285714286,studytwo,45,39,10,59,16,Female,Higher,Asian,Higher
studytwo.17,0.7142857142857143,9,studytwo,59,39,10,55,13,Female,Further,White,School
studytwo.170,0.8392857142857143,6.357142857142857,studytwo,28,32,6,42,13,Male,Further,White,School
studytwo.171,0.5357142857142858,5.928571428571429,studytwo,34,30,11,50,13,Male,Secondary,White,School
studytwo.172,0.7857142857142858,7.5,studytwo,40,37,11,50,18,Male,Higher,White,Higher
studytwo.18,0.7321428571428571,7.5,studytwo,38,36,6,49,13,Male,Higher,White,Higher
studytwo.19,0.625,5.357142857142857,studytwo,43,39,10,35,17,Female,Secondary,White,School
studytwo.2,0.6428571428571429,4.5,studytwo,25,34,8,50,13,Male,Further,White,School
studytwo.20,0.7678571428571429,5.214285714285714,studytwo,33,37,8,42,13,Female,Further,White,School
studytwo.21,0.6785714285714285,4.7142857142857135,studytwo,28,37,9,51,11,Female,Higher,White,Higher
studytwo.22,0.8392857142857143,8.142857142857142,studytwo,19,34,11,50,18,Male,Further,White,School
studytwo.23,0.6071428571428571,6,studytwo,46,35,9,47,14,Male,Further,White,School
studytwo.24,0.5714285714285714,4.642857142857143,studytwo,20,27,10,31,12,Female,Higher,Black,Higher
studytwo.25,0.875,7.214285714285714,studytwo,22,39,12,46,17,Male,Higher,White,Higher
studytwo.26,0.6071428571428572,7.785714285714286,studytwo,32,32,7,52,14,Female,Further,White,School
studytwo.27,0.8035714285714285,8.071428571428571,studytwo,23,40,10,59,11,Female,Higher,White,Higher
studytwo.28,0.5178571428571429,5.571428571428571,studytwo,18,26,8,58,13,Male,Further,White,School
studytwo.29,0.7857142857142858,7.928571428571428,studytwo,50,35,9,50,13,Female,Further,White,School
studytwo.3,0.6785714285714286,8,studytwo,50,35,11,52,10,Male,Higher,White,Higher
studytwo.30,0.8214285714285714,9,studytwo,33,33,8,46,16,Female,Secondary,White,School
studytwo.31,0.8571428571428571,6.714285714285714,studytwo,20,40,12,52,16,Female,Further,Asian,School
studytwo.32,0.7321428571428571,6.2857142857142865,studytwo,39,35,5,44,11,Male,Higher,White,Higher
studytwo.33,0.8035714285714286,7.642857142857143,studytwo,37,39,13,55,10,Female,Higher,White,Higher
studytwo.34,0.9107142857142856,7.928571428571429,studytwo,24,39,11,56,12,Female,Further,White,School
studytwo.35,0.8571428571428571,7.571428571428571,studytwo,54,37,8,55,13,Male,Higher,White,Higher
studytwo.36,0.9464285714285714,9,studytwo,25,34,11,51,16,Female,Higher,White,Higher
studytwo.37,0.9285714285714286,7,studytwo,42,40,11,53,17,Male,Higher,White,Higher
studytwo.38,0.7857142857142858,7.2857142857142865,studytwo,64,40,10,57,12,Female,Further,White,School
studytwo.39,0.9107142857142858,8.428571428571429,studytwo,24,33,11,56,15,Female,Higher,White,Higher
studytwo.4,0.625,5.7857142857142865,studytwo,35,38,10,37,16,Female,Higher,White,Higher
studytwo.40,0.625,4.357142857142857,studytwo,47,31,9,41,9,Female,Higher,White,Higher
studytwo.41,0.8928571428571429,7.928571428571429,studytwo,57,38,10,57,15,Female,Higher,Black,Higher
studytwo.42,0.7678571428571429,8.357142857142858,studytwo,63,40,10,40,16,Male,Higher,White,Higher
studytwo.43,0.9285714285714286,7.857142857142857,studytwo,45,40,12,57,18,Female,Further,White,School
studytwo.44,0.8214285714285715,7.571428571428571,studytwo,22,39,10,46,19,Male,Further,Black,School
studytwo.45,0.6071428571428571,4.857142857142857,studytwo,23,37,9,44,12,Male,Higher,Asian,Higher
studytwo.46,0.5892857142857142,4.142857142857143,studytwo,23,37,8,48,11,Female,Higher,Asian,Higher
studytwo.47,0.8214285714285714,7.928571428571429,studytwo,56,35,14,61,9,Male,Further,White,School
studytwo.48,0.8214285714285715,6.071428571428571,studytwo,26,38,7,46,16,Male,Higher,White,Higher
studytwo.49,0.6785714285714286,7.071428571428572,studytwo,44,37,10,50,15,Male,Higher,White,Higher
studytwo.5,0.875,8.285714285714286,studytwo,33,38,9,58,13,Male,Further,White,School
studytwo.50,0.8571428571428571,7.571428571428571,studytwo,31,40,8,48,16,Female,Higher,White,Higher
studytwo.51,0.7678571428571429,7.142857142857143,studytwo,28,35,4,54,14,Male,Higher,White,Higher
studytwo.52,0.75,7.428571428571429,studytwo,75,39,9,46,12,Male,Further,White,School
studytwo.53,0.7857142857142858,7.071428571428571,studytwo,38,34,10,49,18,Male,Further,White,School
studytwo.54,0.9285714285714286,8.285714285714286,studytwo,29,37,12,60,14,Female,Higher,White,Higher
studytwo.55,0.8214285714285714,7.428571428571429,studytwo,24,29,7,59,15,Male,Higher,Asian,Higher
studytwo.56,0.7321428571428571,7.5,studytwo,26,39,9,58,17,Male,Further,White,School
studytwo.57,0.8392857142857143,6.928571428571429,studytwo,19,40,9,51,15,Male,Further,White,School
studytwo.58,0.7321428571428571,9,studytwo,50,38,12,60,15,Male,Higher,White,Higher
studytwo.59,0.6428571428571429,5,studytwo,21,30,5,50,16,Male,Higher,Mixed,Higher
studytwo.6,0.75,6.142857142857143,studytwo,20,28,5,51,9,Female,Further,White,School
studytwo.60,0.8035714285714286,8,studytwo,32,40,9,51,14,Male,Higher,White,Higher
studytwo.61,0.625,4.642857142857143,studytwo,26,40,6,41,16,Male,Higher,White,Higher
studytwo.62,0.9107142857142858,9,studytwo,60,40,13,60,13,Male,Further,White,School
studytwo.63,0.6964285714285715,5.142857142857143,studytwo,23,33,8,57,15,Female,Higher,White,Higher
studytwo.64,0.44642857142857145,3.7857142857142856,studytwo,24,30,3,33,7,Male,Higher,White,Higher
studytwo.65,0.75,8.285714285714286,studytwo,32,37,7,63,14,Female,Secondary,White,School
studytwo.66,0.9821428571428572,8.857142857142858,studytwo,49,38,10,53,15,Female,Higher,White,Higher
studytwo.67,0.9464285714285714,7.642857142857143,studytwo,19,33,9,54,15,Female,Further,White,School
studytwo.68,0.6607142857142857,7.071428571428571,studytwo,22,38,10,49,14,Male,Higher,White,Higher
studytwo.69,0.6964285714285715,7.571428571428571,studytwo,48,31,6,59,14,Male,Secondary,White,School
studytwo.7,0.5357142857142858,4.285714285714286,studytwo,37,32,5,44,8,Male,Higher,White,Higher
studytwo.70,0.7321428571428571,7.071428571428571,studytwo,32,40,8,60,17,Female,Higher,White,Higher
studytwo.71,0.5535714285714286,5.357142857142857,studytwo,33,30,8,44,12,Male,Higher,White,Higher
studytwo.72,0.7678571428571429,7.285714285714286,studytwo,19,40,11,60,14,Female,Further,White,School
studytwo.73,0.8392857142857143,8.5,studytwo,39,33,10,62,13,Male,Further,White,School
studytwo.74,0.9285714285714286,6.928571428571429,studytwo,40,38,14,44,13,Female,Higher,White,Higher
studytwo.75,0.6785714285714286,7.714285714285714,studytwo,38,40,7,54,12,Female,Further,White,School
studytwo.76,0.625,5.857142857142857,studytwo,47,35,10,62,9,Female,Higher,White,Higher
studytwo.77,0.6785714285714285,8.214285714285714,studytwo,60,34,9,53,8,Female,Secondary,White,School
studytwo.78,0.7678571428571429,6.785714285714286,studytwo,38,40,10,47,13,Female,Higher,White,Higher
studytwo.79,0.8035714285714286,6.428571428571429,studytwo,36,39,10,45,12,Male,Further,White,School
studytwo.8,0.9464285714285714,8.285714285714286,studytwo,29,40,11,47,18,Female,Higher,Asian,Higher
studytwo.80,0.8392857142857142,7.071428571428571,studytwo,22,30,9,51,12,Female,Higher,White,Higher
studytwo.81,0.8035714285714286,8,studytwo,53,36,12,46,15,Female,Higher,White,Higher
studytwo.82,0.8214285714285714,7.428571428571429,studytwo,41,34,10,52,13,Female,Further,White,School
studytwo.83,0.5714285714285715,4.714285714285714,studytwo,27,28,4,41,10,Female,Further,White,School
studytwo.84,0.7678571428571429,5.857142857142857,studytwo,29,38,8,51,13,Male,Higher,White,Higher
studytwo.85,0.8928571428571429,6.642857142857143,studytwo,18,38,11,49,16,Female,Further,Mixed,School
studytwo.86,0.9107142857142856,7.642857142857143,studytwo,28,35,13,49,15,Male,Further,White,School
studytwo.87,0.7678571428571429,7.785714285714286,studytwo,30,39,9,54,16,Female,Further,White,School
studytwo.88,0.8392857142857143,7.714285714285714,studytwo,22,39,9,40,16,Male,Further,White,School
studytwo.89,0.9285714285714286,7.857142857142857,studytwo,24,40,12,62,17,Male,Higher,Asian,Higher
studytwo.9,0.8035714285714285,7.357142857142857,studytwo,21,30,9,48,16,Female,Further,White,School
studytwo.90,0.7321428571428571,5.642857142857143,studytwo,26,36,10,34,9,Female,Further,White,School
studytwo.91,0.7857142857142858,7.857142857142857,studytwo,27,27,10,59,14,Female,Further,Asian,School
studytwo.92,0.8571428571428571,7.428571428571429,studytwo,49,38,7,62,16,Female,Secondary,White,School
studytwo.93,0.6785714285714286,5.071428571428571,studytwo,47,35,5,45,16,Male,Further,White,School
studytwo.94,0.8214285714285714,8.642857142857142,studytwo,29,39,12,62,14,Male,Further,White,School
studytwo.95,0.6964285714285715,9,studytwo,54,38,9,49,17,Female,Further,White,School
studytwo.96,0.7142857142857143,8.214285714285714,studytwo,24,25,5,51,14,Female,Further,White,School
studytwo.97,0.6785714285714285,7.5,studytwo,74,39,7,51,7,Male,Higher,White,Higher
studytwo.98,0.6071428571428571,6,studytwo,34,27,7,51,14,Female,Secondary,White,School
studytwo.99,0.875,6.785714285714286,studytwo,27,39,12,51,13,Male,Higher,White,Higher
